Variable_group,Variable name,Class_1,Class_2,Class_3,Class_4,Class_5,Unit,Territory,Year,Value
Underground carbon storage,CO2 transport,Energy,Carbon storage,Campos,N/A,Pipeline,km,RJ,2025,0.0
Underground carbon storage,CO2 transport,Energy,Carbon storage,Campos,N/A,Pipeline,km,RJ,2030,300.0
Underground carbon storage,CO2 transport,Energy,Carbon storage,Campos,N/A,Pipeline,km,RJ,2035,300.0
Underground carbon storage,CO2 transport,Energy,Carbon storage,Campos,N/A,Pipeline,km,RJ,2040,300.0
Underground carbon storage,CO2 transport,Energy,Carbon storage,Campos,N/A,Pipeline,km,RJ,2045,300.0
Underground carbon storage,CO2 transport,Energy,Carbon storage,Campos,N/A,Pipeline,km,RJ,2050,300.0
Underground carbon storage,CO2 transport,Energy,Carbon storage,Ceará,N/A,Pipeline,km,CE,2025,0.0
Underground carbon storage,CO2 transport,Energy,Carbon storage,Ceará,N/A,Pipeline,km,CE,2030,100.0
Underground carbon storage,CO2 transport,Energy,Carbon storage,Ceará,N/A,Pipeline,km,CE,2035,100.0
Underground carbon storage,CO2 transport,Energy,Carbon storage,Ceará,N/A,Pipeline,km,CE,2040,100.0
Underground carbon storage,CO2 transport,Energy,Carbon storage,Ceará,N/A,Pipeline,km,CE,2045,100.0
Underground carbon storage,CO2 transport,Energy,Carbon storage,Ceará,N/A,Pipeline,km,CE,2050,100.0
Underground carbon storage,CO2 transport,Energy,Carbon storage,Ceará,N/A,Pipeline,km,MA,2025,0.0
Underground carbon storage,CO2 transport,Energy,Carbon storage,Ceará,N/A,Pipeline,km,MA,2030,100.0
Underground carbon storage,CO2 transport,Energy,Carbon storage,Ceará,N/A,Pipeline,km,MA,2035,100.0
Underground carbon storage,CO2 transport,Energy,Carbon storage,Ceará,N/A,Pipeline,km,MA,2040,100.0
Underground carbon storage,CO2 transport,Energy,Carbon storage,Ceará,N/A,Pipeline,km,MA,2045,100.0
Underground carbon storage,CO2 transport,Energy,Carbon storage,Ceará,N/A,Pipeline,km,MA,2050,100.0
Underground carbon storage,CO2 transport,Energy,Carbon storage,Ceará,N/A,Pipeline,km,PI,2025,0.0
Underground carbon storage,CO2 transport,Energy,Carbon storage,Ceará,N/A,Pipeline,km,PI,2030,100.0
Underground carbon storage,CO2 transport,Energy,Carbon storage,Ceará,N/A,Pipeline,km,PI,2035,100.0
Underground carbon storage,CO2 transport,Energy,Carbon storage,Ceará,N/A,Pipeline,km,PI,2040,100.0
Underground carbon storage,CO2 transport,Energy,Carbon storage,Ceará,N/A,Pipeline,km,PI,2045,100.0
Underground carbon storage,CO2 transport,Energy,Carbon storage,Ceará,N/A,Pipeline,km,PI,2050,100.0
Underground carbon storage,CO2 transport,Energy,Carbon storage,Espírito Santo,N/A,Pipeline,km,ES,2025,0.0
Underground carbon storage,CO2 transport,Energy,Carbon storage,Espírito Santo,N/A,Pipeline,km,ES,2030,100.0
Underground carbon storage,CO2 transport,Energy,Carbon storage,Espírito Santo,N/A,Pipeline,km,ES,2035,100.0
Underground carbon storage,CO2 transport,Energy,Carbon storage,Espírito Santo,N/A,Pipeline,km,ES,2040,100.0
Underground carbon storage,CO2 transport,Energy,Carbon storage,Espírito Santo,N/A,Pipeline,km,ES,2045,100.0
Underground carbon storage,CO2 transport,Energy,Carbon storage,Espírito Santo,N/A,Pipeline,km,ES,2050,100.0
Underground carbon storage,CO2 transport,Energy,Carbon storage,Paraná,N/A,Pipeline,km,MS,2025,0.0
Underground carbon storage,CO2 transport,Energy,Carbon storage,Paraná,N/A,Pipeline,km,MS,2030,100.0
Underground carbon storage,CO2 transport,Energy,Carbon storage,Paraná,N/A,Pipeline,km,MS,2035,100.0
Underground carbon storage,CO2 transport,Energy,Carbon storage,Paraná,N/A,Pipeline,km,MS,2040,100.0
Underground carbon storage,CO2 transport,Energy,Carbon storage,Paraná,N/A,Pipeline,km,MS,2045,100.0
Underground carbon storage,CO2 transport,Energy,Carbon storage,Paraná,N/A,Pipeline,km,MS,2050,100.0
Underground carbon storage,CO2 transport,Energy,Carbon storage,Paraná,N/A,Pipeline,km,PR,2025,0.0
Underground carbon storage,CO2 transport,Energy,Carbon storage,Paraná,N/A,Pipeline,km,PR,2030,100.0
Underground carbon storage,CO2 transport,Energy,Carbon storage,Paraná,N/A,Pipeline,km,PR,2035,100.0
Underground carbon storage,CO2 transport,Energy,Carbon storage,Paraná,N/A,Pipeline,km,PR,2040,100.0
Underground carbon storage,CO2 transport,Energy,Carbon storage,Paraná,N/A,Pipeline,km,PR,2045,100.0
Underground carbon storage,CO2 transport,Energy,Carbon storage,Paraná,N/A,Pipeline,km,PR,2050,100.0
Underground carbon storage,CO2 transport,Energy,Carbon storage,Paraná,N/A,Pipeline,km,RS,2025,0.0
Underground carbon storage,CO2 transport,Energy,Carbon storage,Paraná,N/A,Pipeline,km,RS,2030,100.0
Underground carbon storage,CO2 transport,Energy,Carbon storage,Paraná,N/A,Pipeline,km,RS,2035,100.0
Underground carbon storage,CO2 transport,Energy,Carbon storage,Paraná,N/A,Pipeline,km,RS,2040,100.0
Underground carbon storage,CO2 transport,Energy,Carbon storage,Paraná,N/A,Pipeline,km,RS,2045,100.0
Underground carbon storage,CO2 transport,Energy,Carbon storage,Paraná,N/A,Pipeline,km,RS,2050,100.0
Underground carbon storage,CO2 transport,Energy,Carbon storage,Paraná,N/A,Pipeline,km,SC,2025,0.0
Underground carbon storage,CO2 transport,Energy,Carbon storage,Paraná,N/A,Pipeline,km,SC,2030,100.0
Underground carbon storage,CO2 transport,Energy,Carbon storage,Paraná,N/A,Pipeline,km,SC,2035,100.0
Underground carbon storage,CO2 transport,Energy,Carbon storage,Paraná,N/A,Pipeline,km,SC,2040,100.0
Underground carbon storage,CO2 transport,Energy,Carbon storage,Paraná,N/A,Pipeline,km,SC,2045,100.0
Underground carbon storage,CO2 transport,Energy,Carbon storage,Paraná,N/A,Pipeline,km,SC,2050,100.0
Underground carbon storage,CO2 transport,Energy,Carbon storage,Paraná,N/A,Pipeline,km,SP,2025,0.0
Underground carbon storage,CO2 transport,Energy,Carbon storage,Paraná,N/A,Pipeline,km,SP,2030,100.0
Underground carbon storage,CO2 transport,Energy,Carbon storage,Paraná,N/A,Pipeline,km,SP,2035,100.0
Underground carbon storage,CO2 transport,Energy,Carbon storage,Paraná,N/A,Pipeline,km,SP,2040,100.0
Underground carbon storage,CO2 transport,Energy,Carbon storage,Paraná,N/A,Pipeline,km,SP,2045,100.0
Underground carbon storage,CO2 transport,Energy,Carbon storage,Paraná,N/A,Pipeline,km,SP,2050,100.0
Underground carbon storage,CO2 transport,Energy,Carbon storage,Parecis,N/A,Pipeline,km,AC,2025,0.0
Underground carbon storage,CO2 transport,Energy,Carbon storage,Parecis,N/A,Pipeline,km,AC,2030,900.0
Underground carbon storage,CO2 transport,Energy,Carbon storage,Parecis,N/A,Pipeline,km,AC,2035,900.0
Underground carbon storage,CO2 transport,Energy,Carbon storage,Parecis,N/A,Pipeline,km,AC,2040,900.0
Underground carbon storage,CO2 transport,Energy,Carbon storage,Parecis,N/A,Pipeline,km,AC,2045,900.0
Underground carbon storage,CO2 transport,Energy,Carbon storage,Parecis,N/A,Pipeline,km,AC,2050,900.0
Underground carbon storage,CO2 transport,Energy,Carbon storage,Parecis,N/A,Pipeline,km,AM,2025,0.0
Underground carbon storage,CO2 transport,Energy,Carbon storage,Parecis,N/A,Pipeline,km,AM,2030,900.0
Underground carbon storage,CO2 transport,Energy,Carbon storage,Parecis,N/A,Pipeline,km,AM,2035,900.0
Underground carbon storage,CO2 transport,Energy,Carbon storage,Parecis,N/A,Pipeline,km,AM,2040,900.0
Underground carbon storage,CO2 transport,Energy,Carbon storage,Parecis,N/A,Pipeline,km,AM,2045,900.0
Underground carbon storage,CO2 transport,Energy,Carbon storage,Parecis,N/A,Pipeline,km,AM,2050,900.0
Underground carbon storage,CO2 transport,Energy,Carbon storage,Parecis,N/A,Pipeline,km,AP,2025,0.0
Underground carbon storage,CO2 transport,Energy,Carbon storage,Parecis,N/A,Pipeline,km,AP,2030,0.0
Underground carbon storage,CO2 transport,Energy,Carbon storage,Parecis,N/A,Pipeline,km,AP,2035,900.0
Underground carbon storage,CO2 transport,Energy,Carbon storage,Parecis,N/A,Pipeline,km,AP,2040,900.0
Underground carbon storage,CO2 transport,Energy,Carbon storage,Parecis,N/A,Pipeline,km,AP,2045,900.0
Underground carbon storage,CO2 transport,Energy,Carbon storage,Parecis,N/A,Pipeline,km,AP,2050,900.0
Underground carbon storage,CO2 transport,Energy,Carbon storage,Parecis,N/A,Pipeline,km,MT,2025,0.0
Underground carbon storage,CO2 transport,Energy,Carbon storage,Parecis,N/A,Pipeline,km,MT,2030,100.0
Underground carbon storage,CO2 transport,Energy,Carbon storage,Parecis,N/A,Pipeline,km,MT,2035,100.0
Underground carbon storage,CO2 transport,Energy,Carbon storage,Parecis,N/A,Pipeline,km,MT,2040,100.0
Underground carbon storage,CO2 transport,Energy,Carbon storage,Parecis,N/A,Pipeline,km,MT,2045,100.0
Underground carbon storage,CO2 transport,Energy,Carbon storage,Parecis,N/A,Pipeline,km,MT,2050,100.0
Underground carbon storage,CO2 transport,Energy,Carbon storage,Parecis,N/A,Pipeline,km,PA,2025,0.0
Underground carbon storage,CO2 transport,Energy,Carbon storage,Parecis,N/A,Pipeline,km,PA,2030,900.0
Underground carbon storage,CO2 transport,Energy,Carbon storage,Parecis,N/A,Pipeline,km,PA,2035,900.0
Underground carbon storage,CO2 transport,Energy,Carbon storage,Parecis,N/A,Pipeline,km,PA,2040,900.0
Underground carbon storage,CO2 transport,Energy,Carbon storage,Parecis,N/A,Pipeline,km,PA,2045,900.0
Underground carbon storage,CO2 transport,Energy,Carbon storage,Parecis,N/A,Pipeline,km,PA,2050,900.0
Underground carbon storage,CO2 transport,Energy,Carbon storage,Parecis,N/A,Pipeline,km,RO,2025,0.0
Underground carbon storage,CO2 transport,Energy,Carbon storage,Parecis,N/A,Pipeline,km,RO,2030,900.0
Underground carbon storage,CO2 transport,Energy,Carbon storage,Parecis,N/A,Pipeline,km,RO,2035,900.0
Underground carbon storage,CO2 transport,Energy,Carbon storage,Parecis,N/A,Pipeline,km,RO,2040,900.0
Underground carbon storage,CO2 transport,Energy,Carbon storage,Parecis,N/A,Pipeline,km,RO,2045,900.0
Underground carbon storage,CO2 transport,Energy,Carbon storage,Parecis,N/A,Pipeline,km,RO,2050,900.0
Underground carbon storage,CO2 transport,Energy,Carbon storage,Parecis,N/A,Pipeline,km,RR,2025,0.0
Underground carbon storage,CO2 transport,Energy,Carbon storage,Parecis,N/A,Pipeline,km,RR,2030,900.0
Underground carbon storage,CO2 transport,Energy,Carbon storage,Parecis,N/A,Pipeline,km,RR,2035,900.0
Underground carbon storage,CO2 transport,Energy,Carbon storage,Parecis,N/A,Pipeline,km,RR,2040,900.0
Underground carbon storage,CO2 transport,Energy,Carbon storage,Parecis,N/A,Pipeline,km,RR,2045,900.0
Underground carbon storage,CO2 transport,Energy,Carbon storage,Parecis,N/A,Pipeline,km,RR,2050,900.0
Underground carbon storage,CO2 transport,Energy,Carbon storage,Parecis,N/A,Pipeline,km,TO,2025,0.0
Underground carbon storage,CO2 transport,Energy,Carbon storage,Parecis,N/A,Pipeline,km,TO,2030,900.0
Underground carbon storage,CO2 transport,Energy,Carbon storage,Parecis,N/A,Pipeline,km,TO,2035,900.0
Underground carbon storage,CO2 transport,Energy,Carbon storage,Parecis,N/A,Pipeline,km,TO,2040,900.0
Underground carbon storage,CO2 transport,Energy,Carbon storage,Parecis,N/A,Pipeline,km,TO,2045,900.0
Underground carbon storage,CO2 transport,Energy,Carbon storage,Parecis,N/A,Pipeline,km,TO,2050,900.0
Underground carbon storage,CO2 transport,Energy,Carbon storage,Potiguar,N/A,Pipeline,km,PB,2025,0.0
Underground carbon storage,CO2 transport,Energy,Carbon storage,Potiguar,N/A,Pipeline,km,PB,2030,100.0
Underground carbon storage,CO2 transport,Energy,Carbon storage,Potiguar,N/A,Pipeline,km,PB,2035,100.0
Underground carbon storage,CO2 transport,Energy,Carbon storage,Potiguar,N/A,Pipeline,km,PB,2040,100.0
Underground carbon storage,CO2 transport,Energy,Carbon storage,Potiguar,N/A,Pipeline,km,PB,2045,100.0
Underground carbon storage,CO2 transport,Energy,Carbon storage,Potiguar,N/A,Pipeline,km,PB,2050,100.0
Underground carbon storage,CO2 transport,Energy,Carbon storage,Potiguar,N/A,Pipeline,km,RN,2025,0.0
Underground carbon storage,CO2 transport,Energy,Carbon storage,Potiguar,N/A,Pipeline,km,RN,2030,100.0
Underground carbon storage,CO2 transport,Energy,Carbon storage,Potiguar,N/A,Pipeline,km,RN,2035,100.0
Underground carbon storage,CO2 transport,Energy,Carbon storage,Potiguar,N/A,Pipeline,km,RN,2040,100.0
Underground carbon storage,CO2 transport,Energy,Carbon storage,Potiguar,N/A,Pipeline,km,RN,2045,100.0
Underground carbon storage,CO2 transport,Energy,Carbon storage,Potiguar,N/A,Pipeline,km,RN,2050,100.0
Underground carbon storage,CO2 transport,Energy,Carbon storage,Recôncavo,N/A,Pipeline,km,BA,2025,0.0
Underground carbon storage,CO2 transport,Energy,Carbon storage,Recôncavo,N/A,Pipeline,km,BA,2030,200.0
Underground carbon storage,CO2 transport,Energy,Carbon storage,Recôncavo,N/A,Pipeline,km,BA,2035,200.0
Underground carbon storage,CO2 transport,Energy,Carbon storage,Recôncavo,N/A,Pipeline,km,BA,2040,200.0
Underground carbon storage,CO2 transport,Energy,Carbon storage,Recôncavo,N/A,Pipeline,km,BA,2045,200.0
Underground carbon storage,CO2 transport,Energy,Carbon storage,Recôncavo,N/A,Pipeline,km,BA,2050,200.0
Underground carbon storage,CO2 transport,Energy,Carbon storage,Sergipe-Alagoas,N/A,Pipeline,km,AL,2025,0.0
Underground carbon storage,CO2 transport,Energy,Carbon storage,Sergipe-Alagoas,N/A,Pipeline,km,AL,2030,200.0
Underground carbon storage,CO2 transport,Energy,Carbon storage,Sergipe-Alagoas,N/A,Pipeline,km,AL,2035,200.0
Underground carbon storage,CO2 transport,Energy,Carbon storage,Sergipe-Alagoas,N/A,Pipeline,km,AL,2040,200.0
Underground carbon storage,CO2 transport,Energy,Carbon storage,Sergipe-Alagoas,N/A,Pipeline,km,AL,2045,200.0
Underground carbon storage,CO2 transport,Energy,Carbon storage,Sergipe-Alagoas,N/A,Pipeline,km,AL,2050,200.0
Underground carbon storage,CO2 transport,Energy,Carbon storage,Sergipe-Alagoas,N/A,Pipeline,km,PE,2025,0.0
Underground carbon storage,CO2 transport,Energy,Carbon storage,Sergipe-Alagoas,N/A,Pipeline,km,PE,2030,200.0
Underground carbon storage,CO2 transport,Energy,Carbon storage,Sergipe-Alagoas,N/A,Pipeline,km,PE,2035,200.0
Underground carbon storage,CO2 transport,Energy,Carbon storage,Sergipe-Alagoas,N/A,Pipeline,km,PE,2040,200.0
Underground carbon storage,CO2 transport,Energy,Carbon storage,Sergipe-Alagoas,N/A,Pipeline,km,PE,2045,200.0
Underground carbon storage,CO2 transport,Energy,Carbon storage,Sergipe-Alagoas,N/A,Pipeline,km,PE,2050,200.0
Underground carbon storage,CO2 transport,Energy,Carbon storage,Sergipe-Alagoas,N/A,Pipeline,km,SE,2025,0.0
Underground carbon storage,CO2 transport,Energy,Carbon storage,Sergipe-Alagoas,N/A,Pipeline,km,SE,2030,200.0
Underground carbon storage,CO2 transport,Energy,Carbon storage,Sergipe-Alagoas,N/A,Pipeline,km,SE,2035,200.0
Underground carbon storage,CO2 transport,Energy,Carbon storage,Sergipe-Alagoas,N/A,Pipeline,km,SE,2040,200.0
Underground carbon storage,CO2 transport,Energy,Carbon storage,Sergipe-Alagoas,N/A,Pipeline,km,SE,2045,200.0
Underground carbon storage,CO2 transport,Energy,Carbon storage,Sergipe-Alagoas,N/A,Pipeline,km,SE,2050,200.0
Underground carbon storage,CO2 transport,Energy,Carbon storage,São Francisco,N/A,Pipeline,km,DF,2025,0.0
Underground carbon storage,CO2 transport,Energy,Carbon storage,São Francisco,N/A,Pipeline,km,DF,2030,300.0
Underground carbon storage,CO2 transport,Energy,Carbon storage,São Francisco,N/A,Pipeline,km,DF,2035,300.0
Underground carbon storage,CO2 transport,Energy,Carbon storage,São Francisco,N/A,Pipeline,km,DF,2040,300.0
Underground carbon storage,CO2 transport,Energy,Carbon storage,São Francisco,N/A,Pipeline,km,DF,2045,300.0
Underground carbon storage,CO2 transport,Energy,Carbon storage,São Francisco,N/A,Pipeline,km,DF,2050,300.0
Underground carbon storage,CO2 transport,Energy,Carbon storage,São Francisco,N/A,Pipeline,km,GO,2025,0.0
Underground carbon storage,CO2 transport,Energy,Carbon storage,São Francisco,N/A,Pipeline,km,GO,2030,300.0
Underground carbon storage,CO2 transport,Energy,Carbon storage,São Francisco,N/A,Pipeline,km,GO,2035,300.0
Underground carbon storage,CO2 transport,Energy,Carbon storage,São Francisco,N/A,Pipeline,km,GO,2040,300.0
Underground carbon storage,CO2 transport,Energy,Carbon storage,São Francisco,N/A,Pipeline,km,GO,2045,300.0
Underground carbon storage,CO2 transport,Energy,Carbon storage,São Francisco,N/A,Pipeline,km,GO,2050,300.0
Underground carbon storage,CO2 transport,Energy,Carbon storage,São Francisco,N/A,Pipeline,km,MG,2025,0.0
Underground carbon storage,CO2 transport,Energy,Carbon storage,São Francisco,N/A,Pipeline,km,MG,2030,300.0
Underground carbon storage,CO2 transport,Energy,Carbon storage,São Francisco,N/A,Pipeline,km,MG,2035,300.0
Underground carbon storage,CO2 transport,Energy,Carbon storage,São Francisco,N/A,Pipeline,km,MG,2040,300.0
Underground carbon storage,CO2 transport,Energy,Carbon storage,São Francisco,N/A,Pipeline,km,MG,2045,300.0
Underground carbon storage,CO2 transport,Energy,Carbon storage,São Francisco,N/A,Pipeline,km,MG,2050,300.0
